-- phpMyAdmin SQL Dump
-- version 5.2.0
-- https://www.phpmyadmin.net/
--
-- Host: 127.0.0.1:3306
-- Generation Time: May 23, 2023 at 02:15 PM
-- Server version: 8.0.31
-- PHP Version: 8.0.26

SET SQL_MODE = "NO_AUTO_VALUE_ON_ZERO";
START TRANSACTION;
SET time_zone = "+00:00";


/*!40101 SET @OLD_CHARACTER_SET_CLIENT=@@CHARACTER_SET_CLIENT */;
/*!40101 SET @OLD_CHARACTER_SET_RESULTS=@@CHARACTER_SET_RESULTS */;
/*!40101 SET @OLD_COLLATION_CONNECTION=@@COLLATION_CONNECTION */;
/*!40101 SET NAMES utf8mb4 */;

--
-- Database: `katalog`
--

-- --------------------------------------------------------

--
-- Table structure for table `admin`
--

DROP TABLE IF EXISTS `admin`;
CREATE TABLE IF NOT EXISTS `admin` (
  `id` int NOT NULL AUTO_INCREMENT,
  `name` varchar(255) NOT NULL,
  `email` varchar(255) NOT NULL,
  `password` int NOT NULL,
  PRIMARY KEY (`id`)
) ENGINE=MyISAM AUTO_INCREMENT=2 DEFAULT CHARSET=utf8mb4 COLLATE=utf8mb4_0900_ai_ci;

--
-- Dumping data for table `admin`
--

INSERT INTO `admin` (`id`, `name`, `email`, `password`) VALUES
(1, 'Septio', 'septiotriwahyudi@gmail.com', 123);

-- --------------------------------------------------------

--
-- Table structure for table `courses`
--

DROP TABLE IF EXISTS `courses`;
CREATE TABLE IF NOT EXISTS `courses` (
  `id` int NOT NULL AUTO_INCREMENT,
  `title` varchar(255) NOT NULL,
  `description` text,
  `price` decimal(10,2) NOT NULL DEFAULT '0.00',
  `thumbnail` blob,
  PRIMARY KEY (`id`)
) ENGINE=MyISAM AUTO_INCREMENT=16 DEFAULT CHARSET=utf8mb4 COLLATE=utf8mb4_0900_ai_ci;

--
-- Dumping data for table `courses`
--

INSERT INTO `courses` (`id`, `title`, `description`, `price`, `thumbnail`) VALUES
(1, 'Introduction to Python', 'Learn the basics of Python programming language', '100.00', 0xffd8ffe000104a46494600010100000100010000ffdb00840009060713101015121213161515151918151717181516181716181819181e18161917181d2820181a251b171721312125292b2e2e2e181f3338332d37282d2e2b010a0a0a0e0d0e1b10101b2e2520252d2d2d2d352d2d2d2d2d2d2d2d2d2f2d2d2d2d2d2d2d2d2d2d2d2d2d2d2d2d2d2d2d2d2d2d2d2d2d2d2d2d2d2d2d2d2d2d2dffc000110800a8012d03012200021101031101ffc4001c0000010501010100000000000000000000000204050607010308ffc400591000010302030307040a0c0b050900000001000203041105122106314107132251617191325281a114162335727392b1c1d13342535462829394a2b2b3d2151724346374a3c2c3d3f025364344f1648384a4c4d4e1e2e4ffc4001a010001050100000000000000000000000000010203040506ffc4003d1100010202050a0404050207000000000001000203110412213141135161718191a1b1d1f00532c1e1142233f1344252d2e223240615167292a2c2ffda000c03010002110311003f00dc508421084210842108421084215771ddaea7a4764712f938b196e8df76624803bb7f62735ae719344d35ce6b44dc64ac4859e3f94beaa5b8ed9adfdc29c51f2950b8da585ec1d6d70781dfb8f802a53468a30e5d54429308e3cfa2bda135a2ac8e78db244e0f63b5047fad0f614e940a7421084210842108553e523f9ab3e39bfa8f59c2d1f948fe68cf8e6feabd66e1753e17f861acf358d4efadb02504b0b81282bca894b0ba13aa3a7ccd24b1eeb1ded1a0d02f4646c22e1af21425e132b04d02584e24805ba2d7dfb42f23191bc1092b044c2eb52908b26a45c5c4edb08b6ad7dfb93799a01d011dfbd2036c920290ba0ae212a72e95c5de1dcb8842521252ac848842e2edd0842e21084a16be8421722baa42108421084288da2c6d9451738fe9126cc60dee3f401c4ffd12869719048e70689952eb2cc2f16a7a6afab754b33667bc35d943f2d9ceb8b1eb1617ec5e8fe51ea2fa45101d47393e3985fc14649b581c4b9d454649249262249275249bea6eaf43a3bda0870b0e62a9c48ec7105a6d1a140d6cad7caf731b918e738b5be6b4924374ea09b92a76bb68c491b99ec4a566616ccc8ecf6f6b4df42a009570138854c81815a5724b2931d436fa0731c075170209fd11e0b4059a72613164552e1bf345bff1d5d21c50dfa634ece0b9ea7d3e0c0a41644241b0dd65ba56c5160bdd0416a974210a64a84210842adedec59a85c7cd730fe906ff007966216bdb470f39493b7f01c477b4661eb0b220ba3f087ce016e63cc0f758fe20d9440738f52bde9a0cf700ebc075a54d16575af7b6fefe2126198b6f974bf1e3e83c12e594bcdcefd06eb6e5a06b56d0b3ad9a7745290d2333c02773776e1d89594e5f73e70d8db71b0ebdc37af2a57d87965baeeb5fe84ea0a8c97cb2917373d11bfd2142e98360e07a28dd7f7d136cf25edd2bf558dd71cf27793a75a74e9417177384b8fe0efb7a13526faa1b6e09410bab812ac571af20dc6f0842711bdd7e917fa01fa978ce7a5bc9efde9c097fa43f27ff0084dea0dddbefdb6b26b6f482f49319b66e0bd0d39d00df6b91f40ed4a8a50ecad7ee07caecea5c151d32fb5c9dd7e1d5dfa23e64f9af005748438dcdca0152226b8ba822c956291212b885c5d084885c42109c16be8421722baa421084210b2be53ea4baa9acbe8c8c5876b8924f806f82d51649ca5b08ae27ce8d847e90fa15aa1fd4d8556a5fd3da155494873acbd69e1323db1b7ca7b9ac1dee200f595add161d0d234450c6db8d1d239a0bde78924f6f0dc382969de210a86c0f898dc02ab46a2ba39202c70bc7584906e6c3527701a92b6c339ea6fc867d4b82a9cdd4581ec6b7ea58dfea7a3fe877fd7aabe3c2627ea1b940ec6e16fa6a37195a5af9de1c1874706346848e049274ed0a5494b9652e3771b95e44ae5bc4699f171cc594b01a87656cd1a08830c3158b0d93344d3feb4247d09da658436d0b7d27d653d5d5d0c9347864fe96f259b1400f74b39421085613121ed0410771d0fa562f340637b9877b1ce69fc5247d0b6b596ed9527375b2753ecf1f8c2c7f48396bf843e4f733389eefbacef116fc8d7663cfdc0508136c431a7d34bccb7d877005f9d8aa9f25cf0258ccba6eb0ea4f0055adabf7c01f398c77ca695af184c00a8d15a0c4d8737acd5869368a7ca7dd281baeef63546ba0d7a441f52f6836966734132d103d5ec79be990286c31e430d9d10d7fe26fdc3b4689e73aefba53ff00afc654cc16e9dead3dc012243737f6a7155b4720b1cd48f27aa92536fed5781da997fecfe8a37fd3328eaca5defe723249dcd3d6786bdabcaaa90305f9c63b5b581d7bd38426e73bd4ada960b370e9252bedae4ea8bf32ff00f4249dad93cc8ff3167fee941253d846845b407d045c1f4820a5c8b71277a7d41d81d15aa2da373487365a707fa9b6e3ff00349b56ed7cb9f5c92683a428a323bb5ab5e1472bded0418476106e3bf5ec4c71185e5fa80741ab468904104e3bd42c137488e0dfda9e8db093ee6dfcca21ff00aa29636c1ff711f9a423fc72a1798779a7c11cc3bcd3e09d911a54b507607453836c5df7007ff0f08ff10a3db9bfef61f2221f49507cc3bcd3e08e61de69f0464469de52d50a6fdbabfef51e110fee941db67fde83fb1ff2ca84e61de69f04730ef34f82320ccc779ea8aa332993b6d27de6df187fc94e70fda0755dbdc9ac17901d066bc7cc7db35ad04113ee2db82cdfa90ab6e611bc594a6c937a24ff00493fafd8dfba810dad70233e7398e72a1a50021192b02e25907a8788490deef10a79ac80b5e4210b925d521084210854ce50f67df531b6685b9a48ee0b46f730eba75907876957342731e58eac135ec0f6d52b0cc029a41594f763c5a68ef76b85bdd1bbee345a9551e9bbbcab0aaed51e9bbe1158ff00e228d94630cb13c94fe1f0727584d79004eed4a51a77f9aef92521b2106e0d8a774a6692f95fbbaefe0b9ea3c36c53564e2ec03403cccd693896db64b4a6869dfe63be494b8289ef36cb61c49d2de3bd4960f339d9f31bd88dfc37a935ab44f0a831e1b62d6748e160b8cb0d4abc5a5398e2d004d79c6c0d000dc372f442174204ac541084212a10a99ca151ddb14bd44b09efd5b7ecb8778ab9a8ec7a879fa7923e245dbf09bab7d6029e8b172519af374edd46c50d221e521b9a3b2b29cb655adb016ae88f5c307cc55958557b6d47f28a7775b1a3e4b885d43ecb162d12d8a36f25ed87839090d88d89f2f7ee1bb4dc971de6008642dcae07aaf6e1bb76abcf0d8b3349e69afd779b02341a6eff00574e64a526d686316373d21a8d74ddfeaca026d571ce01c67cc722e4d71284d8388880dd68fd3aee4c14bba91c1f9b998f286db2dc5bbf728b9a40e7120650780e095a54b05d64877ba690148cb44e932905a2cc846a6dff00063eced51d74eea9e03e3240701143a1e3ee4c41bfbd09ce9ceccc7d14cecfe1a5ae717734ef2743af9dd8ac953800cdd5f069e6b7a9aabfb352b642fcb0b45b2dff004bb15e256107c83e886acfac150bdee0eb0eeeca80b9c0db7f7ad41fb5e1d67f369ff751ed7c759fcda7fdd53163e6bbf2159fbc98ff0007c9f75a8fc854a4111c6f2777f14079cfc3d935f6bc3acfe6d3feea6d5d843626876fd6dac323381e2e16e1b949ff000749f76a8fc854a6f5987499458cf2ebe4986716d0ebd2d3fea9c1e67e63ba5ff94e0fb7cdc3d8285e65be68f04734df34782f79e07c76cec736fbb3348bdbaaebcb3053024dc54ca031b68128b0b7447ce53ad941ee37fc394f8b9bfba9b6387dd47c11f394e764ff009b8edcc7fb478fa106f1afd0aaf4bfa254ddd0bab8a459216be8421722baa421084210842108428badc38b89732daef07ad4a214148a343a436ac409ec79619855c750cbe67cdf5af5a5a49db7cbd1befb90a790b3d9e0d098e0e0f7599881c653dca734b7112202694149cd36d7b93a929da10b4e1426c260630480559ce2e33284210a448842108421084210b2fda9a0e62a9e00e8bfa6dee76f1e8766f45951f6e059d4a7f05fea94fd6b63db5c3b9c8048074a2d7f14f95e1607d0563db783a14e7ab9d1eb61fa5749458d9582d26f161d9d42c7c9e4a972c0cc8da0faa7181be2e6ce7a7329cc7a4240db0b0e8db30ed3e95e590461ee7c472e62474c745a4f45ba3b551f45551b5a43f9cbdefd17585ac3f086abddd5b01d0f3c47517dc7ebab058678ab861b83cca723af87cc06e0acafc2616c65e6322cecb6ce49efb8d2de94c67c3e2736ed8dcd00ea6ee23baea52439a0716b9c1a1e3a24c87368dd2dab343aea6fa772602670696663949b96dcd89ebb75e8142d278acf63df7971de7aa82c4606c6406f1078a4622ee937e2a1fd9317ae3a6ce6771f9d35c45dd26fc541fb18d4ed6ce5b569c105cd69d0798560d9ea889c4b5b11b9cbc77efed57e96220e8c3f9b551f589166d8555538cc5ac906ee23b7f0938a9c40975dae900fc27127e74d751cc491131de94f6d19d12556635fdd5fb9b77987f34abff317855d1be40003232c6f7653555cf61bb8e8a89ecd7f9eef9451ecd7f9eef9450284e0661dc0744f140883f370571fe0893eed51f9bd47d698bf9b692d35af041208314d7046f07a4ab9ecd7f9eef945791994828cec5dc1bfb548da23ff0033b701ea0a9392a8bb7b8bbaae49f9d79f3c9873a8e794d9252fc3e84d71992f20f823e72a4764bf9b33bbfc69942629274ff17e92a7b6507f248bb9dfb5994111b270d7e8565789b6ac3969531742e2ea1622d7d57ebb6ce86091d14b52c63d86ce690eb836bf01d442b02f9b3949f7daafe18fd462e628f0844710574b1a21636616d836fb0d3ff371fe90f590a5aa3188194fec974ade66c0f38d399b626c0ddb7d2e5611b4bb13ec3a0a7ad13671308eec2d0d2d3230bc6537e901622d6ed567e44a4e7a3aca493a70b9ac7643bba79daff94037c148f80ca95da66076531b15d5eab84968341b6343512b628aa58f91f70d68cc0920136171d40a91c5b1686923e76791b1b2e1b99dd66f602dc743e0be72da3c2a5c2eb9d10710e89cd9217f12dbde37f7e963dad2a53942db23899803416c71c61ce6f0e79c0739ded6f920fc23c53be10122a9b0a6fc448198b42d921db7c3df9b2d530e4697bac1fd16820171d3417207a4247b7fc37efb8fc1df52a86c8ec2bce0f30e8b6a2b1ad20bee03230e058d36048b8bb8e9c40e0a95b59b055186c0d9a69227b5cf1180c2fbdcb5c6fd268d3a2535b060b9c5b5b4776273a2440d9c96c9edff000dfbee3f077d49f43b4d48fa77d4b6769863395f274acd3d1d0e97fb66f8ac0b64364a6c4dd23617c6c3106939cbb5cc5d6b6507cd2aff0057b352e1bb3f5b0caf63dce7b640597b58ba116e901adda52be043690d06d98e28645791322c57bc276ae8aae4e6a0a86c8fb176519af61bcea3b57be338fd35164f64ccd8b3df2e6bf4b2daf6b0e19878ac47925ac8e1c443e59191b79a90667b835b7396c2ee36ba9ae5b3128677527333472e51366c8f6bf2df9ab5f2936bd8f8243471950cb65ed3408c7275b15abe0f8d4158c73e9e51235a72922fa3ac0db51d4478a4e338f5351343aa666460ee04f49d6df95a2ee77a02a0f22d52d8b0eaa91de4b2573dddcd8584fa82cbeaaa6a314adcc7a53543c35a2fa3413d1603c18d1ea04f5a4651817b84ec087469341c4add697946c324765154013c5ec918df94e6803d255a63903807348208b820dc10771046f0b01dafe4e67c3e9c54195b2b01024cad2d31971b03a9399b98817d0ea34eab0f2218f3f3c942f24b329962bfda90407b4761cc1d6ec775a58901952bc33303bd08645756aaf0aff59b6b410c8e8e4a9635ec25ae690eb82378dca6854b0c7ce8702ccb9f30d416daf985b78b6abe6ddbbf7ceafe39ff003abef25fb4dce514d4321e9c5148e889e31d8dd9ded27c1c3cd444a355861edd134ac8d3796957ba3db0a0a97b618ea1923e4bb4300774b4371a8ea0565bca9e1c69db1b0ee12c994f5873585a7d447782a07933f7d693e19fd9bd685cbb45fc9a9dfc44d97d063909f5b5aad40fede3860b9dced9285dfd501e6f07815949721ae5e19975ae5d1d55ad52d5a2b5a7d8ee372007ea3a7675c36d7fb4d3c7d49ab5c2c411726d6373a6bebea4ed81c6021ad7119c97119ec0068df6e8fa77e899acd6e2b9a68b1416d11e933bbe9099626ee937e2a0fd8469d6d39b3d9ddf4a618b3ba6cf89a7fd8c6ae43160d456d519b363353b9af5a0a80dcd736bdbe94efd9ecf3bd47ea5079d19d580481257da4b44829cf6733cef51fa91ece679dea3f5283ce8ce8ac53abb94e7b3d9e77a8fd48f67b3cef51fa941e746745628aee539ecf679dea3f523d9ecf3bd47ea5079d19d2d6292bb93ec4260e75c1be9f5ab5ecc0b51c3dcefdac87e95452ed15ff67db6a487e05fc5ce3f4aab1bcc162f8bf906b4fd7571753160ad7d7cd9ca4fbed57f0c7ea317d26be71e51695e715aa218f20bc5886b88f21bc405ced0bce752e8a93e443765716aa8e22629e58f2b4c59e6058d61032e50f7d982d6ea5abf267b20ec36191d3106698b4b834dc31adbe565f89e938923aedadae6c3b2da505283bf9887f66d52ca38b4873c559003bd29d0e0b5a6b62b3be59b0464d45ecadd25391af9cc7b9ad730fa4b5c3b8f5acc793bc0d95d8847149f636832bc79ed65ba1dc4917ecbad9f951617611520024911e805cfd959c02ccf91aa77b713bb98e03999352d206f675853c17bb20ed1728a23418a16eeb3ae5c7dee8ffac33f672ad15679cb6c6e761f186b4b8fb2186c0127ec72f52ab03eab75a9e2f90ea55fe417ecb57f021f9e4578e54bde8aaf82cfda3152b90b85cd96af335cdbb22b5da45f593ad5db94e61761352002490cd00b9fb233805345fc47fc79051b3e8ec2b04c03039abe6e6200d2fca5dd2765166dafafa4273b4db29518718c54060e77365caecde465bdf4d3ca0ac9c8ed3bdb8982e6380e6a4d4b481f6bd614ef2ed0b9cea3cad73ac27bd8136fb0f52b662bb2c1987b155c42193ad8a6dc9e465d80e26d6ef22703b7f93b74551e4d256b716a42edd9dc3d2e8ded6fe910b47e4461228a76bda45e63a381170638c6e3c1679b65b1d5186cee2d6bcc17cd14cd0e21a2f7687b8790f6f59b5ed71d91b08312230e29ee04358eccb62e54a56b709a9cdc431a3bcc8c03d7afa165bc8d309c51b6e11484f77447ce42af623b475b5e190cb2c93e53d08c004936b5f2b05deeb5f5373a9eb5ad724db1f25131f5150dcb34a035ac3be38ef7e97539c402470ca38dc06b9991825ae3694e072910102c0b2adbc36c4ab0ff004cff009d2316a19b0aad2c0eb3e3d58fb68f8ded201b751692d23af305efb794b21c46ac88de4195f621ae20fa96a7caaecc7b2e8db3c6dbcd4edbd80d5f15ba6ded23ca1dce037a94c50da80dc47a051e4c9ac45e0f559872683fdad49f0ddfb37ad3796f65f0f61ea99a7f45e3e959bf2714cf18ad292c7801eed4b5c07d8dfc485a872cedff006613d5247eb781f4a6b8ff00750f67aa7c21fd32348e616181299bc2434e894d72e99a4482d96b8482d0dae7805a0bc03bc02e00f78e291cd1ea3e05449e50ab7ce8ff00263eb5cfe306bbce8ff263eb59e20c5cc37fb2c31408f2fcbbfd933daa690f8ee2da1f9d47e2fe5b3e269ff631af6c731e9ab5cd74ee692c0437280dd0904fcca3e69cbc82e2346b59e86b435bea015c86086b6784fbc16a408658d60711603c4cfd179a11745d4b30ac4c2108ba2e89844c2108ba2e89844c2108ba2e89844c20ee5a260c2d4b07c5b4f8859d38e8b47c27f9b41f1317ad8d3f4aad1bce351e6b17c648934778a74bab8ba98b096be842c9f16d9ec629a9e59dd8a170898e90805f721a09205c6fd1728c6075e40d73f405750e71184d6b0858e6cb61b8b6214cda88f13731ae2e6e571713d124701d89ef2915f5945061d136a9e25707472c8d24738e022198f13a927d2a4c87cf50384f6d89995f96b4b92d590b357ec6e31636c5893c010f00f79b9b782ef279b4b566b26c3ebce796305cd7d85fa245da4b40cc08735c0daf6bdf859a61584b5c0cb5f44eca5a01042d250a076df16f61e1f3ce0d9c185ac3f86fe8b0fa1ce07d0a8dc91ed3d44d512d3554af91ce8db2c65e75034bdbb0b5ec70ec05236112c2fc020bc0706ad5d0abbb7f54f870da89227963dad05ae69b1073377150d82e2733f675d50e95c6610543b9c27a599a65ca6fd62c3c120612dada6496b5b2daaf68593f247b672cf2be92aa5748f77ba42e79b9361d38efc74198773949f2c98b4f4b0d3ba9e57c45d23838b0dae32ee29e603844c994dca82caeb4542cfb965c567a5a485f4f2be2719b292c362473721b7881e0bdf94cc4e6a7c2d92c323a390be2199a6c6c41bebda9ad86486e932dc95cf027a15e00012951792ada935d4a6399d9a780d9c4ef7b1d7c8fed3bda7b5b7e29a6d062d3b3686929db2bdb0be3697460f45c6f3ea47e2b7c119221c5b9a7c2d457120eceb4542a57291b5eec3a1632101d51312230466ca05aefca3ca372001c49e362157e9b627169e3e766c4e58a570cdcd87c9669ea7163dad69f82d2076a56c2f96b38800dd7fa02831246404d6aaa2368f068eba0304a1c58e209caecaee89b820f638054de4fb69aa855cb86d79cd3460963cdae72d896923cabb48735d6bdaf75a4a4735d09dc47508043dab3cfe29e83cda8fcab3ea4deb7927a42c3cd09c3f8669185a7b0d869dead7b49b554f879609dc73497cad6b5ce71b5ae6cd074171bfac26349b7d4b2b5ce666b375398061dc4e81f62ed070bab4d8b4a90789cb6cb9a8de192209ef72cd9db174cd24191c08362097dc11bc11cda543b194a4db9d77a5c47af229fc7b6b282a0e76995b271b4121ce385c1b58f6dfe8b46b71a863b39cdaa6b4ee71a67341bf538bac7d0b658facc9905a7311ed6ac888da435c43493a6d4ce4d8ea41a073fbc3ae3f5579fb4fa5f3e5533478ec333c323154e71b9b08bab7ef704ca7da0a7b90e74f7048b180e9d9e5a736574fbdca306926cf9b8a67ed4693cf9bf47eb5d1b2149e7cdfa2bdff87a9bce9bf21ffd92e2da0a417cc66fc8dbfbc9c76eef64ff00eeb33b8a48d8ca2cb9b9c97e0ddb9bc2cb836328bee92788fa9381b4d4d6b73935f87b8bade175ededa286f7bd47c92a3b74eef64c229630771516fd90a304f4e6fd049f6a749e74ff00a1f5a732ed1d239c487c96bf189c7c4dd4a61318aa619210e2d04b6ee635972378199c2fbf7ee4f2e6b5b37190d367a27b5b4b75803b8a82f6a749e74de2c5df6a549bfddedbbca6efeadcbda7da1a563cb1d239ae692d2d313c1041b10477aefb6aa5cb939e75b7fd89ff00522cd3b8f4487e274af0f6a949fd37cb6feea958a36b1ad63010d635ac6dcdcd98d0d173c4d82654d8c53cb7c925ec5a0dd8f6f9672b4ea37662077b875a7e9cd95ea28a62dd127b50bab8ba9ca25afa83db7f7b2b3fabcdfa8e538a0f6dfdecacfeaf37ea397242f0ba975c5427239ef4c7f0e5fd72abdcb9bf2ba85d6bd9d29b75db9936561e473de98fe1cbfae54172dbf64c3fe324f9e156dbf893acfaa81df446a1e8b957caff0037a3a81ed711a07c996fe2cbd97b727183554d5d362b56ce6f9d6911b48b139f2ea1bbc3435a1a2fa9bdfbee9b5b803310a57c0fb071178de479120f25c3e63d6090a91c8f63cf69970da8b89212e31871d4069b4917e2bb51d84f009a0b4c2716091c71b346d4a675c071b30d7a7625f2c53baa24a3c3a33d29e40f7760be46123aaee79fc44cb6e616e178ad0d64632c45ad89f6dc1b180c75ff00ee9e2df0134fe096e3b8d55f38f7b6181bcd8730b43ba0ec8d0090459ce12bb72f6db2e4c20a5a296a209267be201d95ee6169602339e8b01b86dcefe0a565465561385b67ead3aa498eace9b80c6cd9eeaf3ca67bd355f007ebb540e01feeb3bfab557cf2af09317f65ecc3de4ddec8c44febcd1bdadb9ed2035df8cbdf00ff00759dfd5aabe7954354b61c8feaf4524e6e98ccb3f83077c586536294fa4904af1211d424f7379ec07a27ac3c700ac7caa630cadc3686a23dd23dc48e2d706d9cd3da1c08563e4a2959360a22906663dd331c0f10e71042c97696926a1924c3de6f1c7273ac246f0e6d83c1fc2665b8eb6f61565a6bc6962d27777cd40e1561e8238ad37978fe630fc7ff00852273caefbcecf870fcc536e5e3f98c3f1ffe1489cf2bbef333e1c3f315042ba1ff00b8f30a589f9f57554f2c760d51415f183cc544110940eb31b39d6dbace920eb703c029fda1903f69a81cd20b5d0b1c08dc41f6490476595924c09b5f824101b071a785d1b8fdac8d8da58eeebe87b095956c54f2bb17a28e6b875397538077b4339e390fc12e70ee0139a43c176201074891974dc9aef9086e048f756eda1689b6a69637ead6358403baec6cb203f280f00aff00b49b474f87b1b254b9cd6bdd9059a5dad89dc3b0159ff2a11be8b12a4c518d2e6372b1f6eb697697e05f1bdc07c157a8b11a1c4206ca5d04d10e97ba061e6cdbed9aff0021d63c544f955638dd296d9952b6f70c6f50b846d7615555cc30b6f552741b2181c1d60d26d9c8d065055cea6711b1cf7100341249d0003acf058ec3534b2ed2d31a20ce69a0b4f34c0d61708e6cc4650011ab466ec535cafed0658db4311e9cdac96fb58b8dfe1105bdc1e3a93be1ebc46b5b3b463824110c8eb541c77137623572541cd949e6e168b839012069beee249b75badc02bce17b1ec6533a295f25e5b1932c86c08d406937dc78f14cb61b000d636a241f14d3c07dd3bcf0f1e3a5ceea7a65343088508c83798c3663a55ea2d1016d6789cee9f7df26870a80c6233133236d6194699776bbfebd6fbd7a62546da889d13ef95e2c6c6c7783a1e074debdae859d97339cd6854174951315d9d8e8a663e29006bdb23473ee6b98d786f46f9dae041eab5f4dfae94b9a9c3496e6cd6e2d7b8b4f7157adbfa86be31af92f197b74373ddafa82a192ba2f0f7ba2c1aeeb6f1ae45655220064532c4049318eb77ca77d692583addf29df5a512924abf5530357b51e46c8c73f396b487100dc9b6a059d7691702e0ef17577c070e82a6ac4a5ac731b0b3a0047939c717121cc8806e668de0827517dc1502ea7b67f681d43a3a2bb4bf31372d3620070171d2d068345052a0c47433921f35d9ac9db2d9a5490a1332a1eec26b4b8b03a664a656c3187901ba345b4bea1bb838df536b9b0ea4f6185ac16634345c9b0000b9d49b0eb3aae432b5ed0e6905ae01c08dc4117047a12eeb9531c9bcf3eec5a81a05c1369f0d8640f0f8a37739e5dd8dbbb4b5c9b5ef6035ec0b18c7f0814b53243a90d3d126fab48bb4f69b117ed056e17541e53f0c279baa68d00e6a4ec17bb0f75cb87a5ab47c2e9232d9375ceb36e1d35c9431e135c272b952b0867bae4668656989a4f07bac623e895b11f42bdd1d48963648373da1ddd717b2cdf3906e0d88d41ea237157cc166043c0d017095a3aa39873807735ce7b3f116fbdb55dafd3efc1739e2d06ad578efbb372915d5c5d0135632d7d34c4e89b510c90bef92563a3758d8d9c08363c0d8a7685c8aea945ecf6071504029e1cd90173866373771b9d6dd69aed2ecb4188188cf9ef092e665765d5d96f7d0dfc90a7909d58ceb4ed49544a48559a9d8ba67d70ae06464e0875d8f0012065b969077b743d6acc8481c45c8201bd406cb6ca53e1c24106726520bcbdd99c72dedadbb4f8a98aba76cb1be378bb5ed2c70eb6b81047815ee84124999bd000024155283616961a59a8d865e6a720bc17824116d5a6da5f28f05234bb3b0c742685b9b992c7c7abba59642ecdd2b6fe9153484a5ee379d3b520681828bd9ec0e2a080410e6c80b9c331b9bb8dceb651db4fb194b88bd924e1e1ec05a1cc76525b7b80743700dedf08f5ab2a101ee06b036a0b411222c509b53b33062513629f3e563b38c8eca6f94b77d8e96714bc7f67a1aea714d366e6c169e8bac6ed1a6b65308407384a46eb92900a6b87d23608a38597cb1b1b1b6e6e72b0002e789b050b26c6529af15f6789810ed1d661706e5b96db7d9591090388b91209b57d1473c6e8a5635ec78b39ae17042a155723d40f797364a860f35af8c81dc5f1b9de24ad1909cc88f67949090b1aebc2ac619b3f4784c1249044410d25cfb192575b8759dde4b6c09e1758f191d515aea8ad0f8b9c7662d735f99b18d1ac68b5f700dbf795ae7293574eca17c73b049ced9ac8cb9cdcce690e0e25843835a4026c4701c5624d68680d68b01c02d4a0349639e4999b27d3eda946e1270cd9968eddb2a5dc0b9a0683a06c07606df4529458b4537d8e46bfb01d477b4ea164a86b882082411a820d883d608dca27f84c223e4711b8f4e6aeb29ef1e600f0eab656ca952461c0b4ea08b11aea0f0d1426c04f25746f6bc8cd11682f23ca0ecd6ddc4653ea574760113e32c90bdc0e872bdf19f43a37070f1590ea3be1c42d761df772b8ea5422d98dcaaf3e0f4c05dd4f15b77d885fb8585fc16595d8749cebf9b867e6f33b25e196f92e72ef6df75b7ad8cf2658593734daf5f3f517f1e712bf8b5c2fef5feda7ff00316ad1292ca3926b39d3ce3f92cf8b19ef360038f4e4b12387cdf709bf2327eea49c3e6fb84df9193f756e03937c33ef6feda7fdf4bfe2eb0dfbdbfb59bf7d5cff00366e6e1fc9455a268dc7aacaf632a3d892bdf353cfd2686b5c2090e4d75d2d7b1d37752d1696be3a8166dc83bdaf8dec27f16468ba911c9f61a3fe587e526fdf4d67e4df0f76e8dedee96423c1ce2b3a94ea3d262651d3075022cbac99e12533693198252046ef55c8206c6d0d63435a37340b01dc06ed52dcf013c83671d1b435b392d1a00f6979b7c2cc09f4dd54f94532d242c6078f762e05cd0459ad02edbdf4be61e80553146744881a1c0cf1b77da27cd5b6d361d5990468b398242735db4b4d09cae90170de1b7711d8728b03dea36b36aa8ea237c327381af69692597b5f8e86f71bf77054042d66785c26e2679e607a2aaea7443701c7afa28e7523ee400e75b8b5ae20f51d06e2ad1b2b1c86489b90873cc94e0105b7df347e55871a81e0a329a72c7022c6c412d37caeb70201048f4ad9764e8682a59155c303048cb8d4973a27dace682e3d477f104157a974d731a0d5fbe95523ce90da8e94b6af3c3b6349b19df6fc166ff4b8fd03d2ad345451c4dcb1b0347acf693bc9ef4e90b0a3522245f39e9df1442a3c385e41d77f634210842854c84210842108421084210842108421084210842108421084210842134afac6411ba591d958c05ce3d83e73c00e2842731b59e1a71207142c236a31f7d7543a575c37c9633cc60dc3bcef27afb0050f74217481a1a0345c145245d76e8425922a85b8f279857b1a863b8b3e5f767f5f4c0ca0f73328efbab4210b9b88e2e792739e6a40842109895702ea1084210842108557e5170c15187ca6dd28bdd9bd993caf16661e94213e1b8b5ed2338e690ac36e8ba10ba4928ea85dbab16c36d19a2a905c7dc64b3651c00e127e2dfc09ec42135cc0f155d71b11292dd41bea129085cd2957ffd9),
(13, 'Data Science Essentials', 'Discover the key concepts and techniques of data science', '200.00', 0x89504e470d0a1a0a0000000d49484452000001480000009a0803000000fc4b219100000126504c5445ffffffdbe1ea3f536fcee7fd3199f0b3c0d3e0e5ea3b506ddfeffefbfdff329bf02785edd2eafef0f7fe008def8dabeae5f2fe2d4565227aeb344b699ea6b3cbe5fde9f4fef5faffced3d984adf4f6f7f8bdc3cb1c3a5d5c6c83455873294363e8eaeda8b0bb959eab7f8a9b99b7f5c1dffc8cb2f5203d60adbfeaa7bff65a6981d9dce28da6d94f617a0f33582e92ef1078edadbcd28d97a66d7a8eb3b9c3006ceb0069eb6a788cc4c9d00872eaa4caf8dee6fbc7d3e981a6f3c9d6f9b2c6f7b1dafc799ff286bff5d6e1fb2582ec89b8f5b7c8e9b0c3e9689af2b2d1fa6eb3f4618eeac4d4f90081ee7ebbf5a3cdf75194ef002b545baaf35688ec001e4d0063eb6ba4f197bdf770a9f20058e87d9dd90050e74e7deb0049e46d95f04a79ea0034e29fb2d668bf7f860000200049444154789ced9d0b5fe2c896c023308148b0092180e11504a495cb637929d8b4a2760f8e4deb34ab766ff7ed99fdfe5f62ab4e55259584971a64d6bee7feb607920a9bfc3d75cea953a72a82f08a45da7a39d9f4b3ae535e92e3ab06f9921c5f33c817e5f88a418aff01e989182fcbf1d5827c698eaf15a4fed21c5f29c897e7f83a41be6800f99a413a9e517c0907bee9675e8738b889d7072f8072d30fbd067139ecd2c5e8e3da496efaa9bd17ced1881fdf61802541381dbd5b33ca4d3fb6e7c23b9a69b33bde12314841da7fb3b556949b7e6ecfc57a34f16027d098f4de882538111abe5d27c90d3fb6e7c2b112dfec246e1a8d66bf44cfbd5f67ffdee8537b2fbca341200521f247235c324f1f0cd7d6bf37f8d06b10db8806400a82bc5d12a211da20b9fb664da1d0069f7a0d627b340a5210f605599393b4c9c9f8f7b590dcd8337b2fd285dd045290a7172521e4f76bfe2865f969bc0e53b9c927f7564aa3c1fef53bbbb311848b9f570fd72751d98f506a9a5f93a1e9d0fbfebde9c7f74a92e3842085e47b2ec4c1204f0f64bf2c3f8cf7351909a619c2ad23a303af496e1a8057528a9e69fe4854deb50683182472d851a4867279f77e381c9f21945a14da5f8c3d1e352ebfc56a612fde31d68be1f9b25f2e634851796c3e1a0589f40f9948ac90f258c33a992057783c6a5c768305b55e51f2997a2db55e10cf95fdf219861441bac7f09820914892104216720cbd3b4a8f793a6a5c7c7bfa61a69636245d2ce4eac5b58278ae10907e7f441eb147e3416241d6f26a6cd94924d19177a3c68577a7e72a71f6b995395ac3f37b26a5f219f4dba87cc5fc8813a4e43749ca123de6dda871e1dd1d550ad697bd3f9faa93d2f226cf96770f6765a292fee11c90828474b2fcb3cc776fef468d8b6eee3863432756e13f7afc5055b30542a760b66821ddd58b69bde543d6742fa7b64572bc5acc29be36b5b07ad1172cea4fc7355774714854d29f94e782442435d93fbeb22b6564b7e405ca457777a418ee8329355f2c14da9520602d56d8f15c1b3d4e65af864fb42bad828f5cbc57cfed15e235aacd35652faee4d6a0a15b5b1f1fce30496d1148017b1c797fe897799d144e461e8c1a17dc9c9e9f6115ab994303ff57ace5b1ca1515760240aa3eac8fd57a47108c7a0b1d6dd589914d67daf8df3a3a9bfab3f334580bc4c0d8ae30494dd2168114a28864192b25022985d89ff4d32c53f9b84073c1dd8999b8fba02f477ba6eeab096e9040b79331d0bf05c42b55dfa3a73b18ee9e822e96e2c74f40b55880dba85c3e3b0b25c7efb616801492324239069082144db0c3a55d47ff1687578f72440bee2e9571ab4e3a635238ae1fbb402a6d389361f8b239f3ca6c10b1ad78af8c580c0aaee40f716e783648ac94f27e9976ed648825d81243fb5ca3b8fb3847b4e0f6aa9982eb5831687d565a2e90f9167cae55b2e05df0779d88d4c954053d5869571f096915a1cf624cfbd3dfed636d13246f97fd14a4144ae2610f4bb0d9e71a314821322cad9ade58707b7aa5ed3a963db43ee78edc20892aea2d2593437f05311f544dc9a491ea142b999ae73d9ba6c5c5b7fd9deebb9920252e216981c41411e0689451e6478d08a414c1745774448b6e30abba22151ea4af3d0f24fad4c1b1bc5129764c29403ca41780a8a7c21e3d3ce98747334186ce919f669dd8d248a088308798a9e4468d186402739ee9881e07329d69f15f4544a268b1056a7b15e67b823690e8734dd175c5f603440cf0521e0a9b5f10c3db3b93a11de401a117fa638048b20b4c8d241423bca98c0e3f9a208568025ab81cd163410a87154e790a38163cae9bee225e47e6ae90617177c502d981ab3ae87cdbe25e43e73b60395b196f4372d3b98c03e1fe1b3bc88bf7d024a46dfb65f9a64c2eb0ba36008c1053c9fa374d7a8843cc389ac0da8a1dd1b3401a6adee2960145ca2a3c391432521d6c2b16c8761eff5b404190689ad9160e217360185aaaa711b95911200e11c8921da4b00f6d12fec1e7f2979d2fe40ab36b338a8910ede4f8e7e89f422c5da0130824b4b83083aa2781148c5ce6086b917e9ccd64e1f1759f42f4ad4202ca36c44868e857e33412bb7b2387439f743d8bddb451ace308600f074f55c5edc39e23e6cca1b88b403abcb6b0cbd86d3702e7113b48cbd74866273741a2bfcb013e168d2680f378894e2ebbcbbd4a26ef0be6330a0b85f4a3ba923dccd7db54addae86b2e93af1e1ee1d1cc1e3d963bace421d0395633beac2f4343d2c34cad96091ade5114b89200f10d02f9d101f2e413344af8cffed0649a3eb3bab6e56b806224c981dc12df8ddfd3de8ffeef60894a2ebd4f3ddd2a16f7f890a5ba572cc645dbd7822ea48fb1afa651e271ab186786105fdf615f3aa8ed73a8cd100b1cd648c79c8d208c48ab101a5f6b0e9012a3982456124e4abc957d3b4e30f379fa5c90ff74b16a0266da48e1e294b40b699a4643495323a9c7b6f91a69ca87a2e22ec4e5c22f00d22a52c15ebbf9c60992a9a4904cb0909cebda96af3147ddcdbb5d6e34236e8dc95fe2d583e49e39bc1d6e0e5d2013fbce4b0848ea79a29862c8caa909fd66b3fb9647f9718cfcf7eb07693d0a801cb9400a0721c72504a4d9974d5f43be0ebff663dd1fb64a83d230f24b81fcfdb21fe31e978194ba8e4bfcf250d612d6772b2cc7ad7743e5dbfe656fbcc5f7efe1c1f059208f17cd0b1845ef138b8f17ee59507f7495f521091d383a37ce4742c868aa210928c1e148bbb25f1e900a550ee5bb6569dec57719af2f0059ad7b1dc93c41162ca96120df5fbcff64bb46be62d9352b874602ca2401e99723378146b3ff981988c5b719af2c0239235ff9e2b202c8d384b01fe52f190c050028618fcd72682c05042091278a7c6eec74a7abe7c817dfe63f1fe482c5720c24eed823eb0a090ffd8404e667cfa1450029038914f74b23dc1bad9a235f7893423c6f482c4f564d89f6d30e909298aaf2d8d905f818fe114384ca11414fa58c47905a222b80c42175c824793a8c5857d3710d778403290867db8d5877c51cf9827b4c55d46050552b24eb50a9d7eb3e1b391b48694f450d941643492e08c68534bebea8a0f1775b10b259a998a9d73359c7dfe4e9b22248e1641ff5e4c4fbd2fe49c44c884bee718d1da4209d371afdd84ad3890beed12874da6abc503010d3bc5aa81aa962fd88cb80f120f55aa59532aaf1bccf80efc79520bea095394a673048b59869231f9fad65d54eb55a50f25e4ddd2cb79109d4939349e1627ff7e0f402db4aae33733934932e0f129df80399caebe72676998d34f2359df2e152603cc843859031823e1d4e1d910baa6a2e0f2055387fa41e921f0c5ad38bcf93e5204f31bc04ccd03080493344075f836ba24dba0e9082a07d694cbacbb2912b82b44a2e3a752b67ce812c98b3b4d50a9e5da8f9d81f3805ca57a409e223a6899dba476582cb41928c2419bf4413b66b211369d18550c8055210ae0293e9f332e414a4c1550ad4b2e6470e64ce3a5accd0520b2a6db091d4fb677df4a85199517cf024591124f5290ec762f735d0c9678014b4466fa94a2ebe4b0212cc1c9596627a660ba49129a698c411b842c5302fe8808da425425973de6bd6b4d8936419c80b2b18079f62c5e05892b6a96d29391ba4d4581e9b2fbe4b02b200252844384616c86a5ea933c9a0cebf97b7e2a0549d0769cee6aa5ed5adce7f4002122ba4e921615e26ca47e7cea9edd92003fda515a98bef9280ec64ac68656fb646c60d4b749b46a6339b053914689f05a1a91e9ba9744c6daf1164952b02aa5993d29c8d0c5acedc30b0165ae98c6265bd20e7ef4b0320dfc37c2c870e3a33712c92393ac4d6939eb7834cc207af400a35b3e2879bd7e641ee55981535a0d6dcaa011089d75e1fc8f91139800485146c5e26c1fe49983592114b03ed20431a3820af405659fdb8a870252b1c48dd47a706f543b8e29895eeeb3975a32023785c4df4911fbe10896a9a3fe2fc3d27483c65e61948215dcfa50d5d8c6772dc68ba4a2b7b7021a4a156e2866e14d40a31a79d7a2d8dbfe76b9d35dbc8f96e1b812c97488f255dd9ee65f0cc222e814eda0f9a204fc6bb1269e28f069acf04b9f72705271e627f5cb7c52cd57a85386a1c1cea45687064b093357a41fabf11c8f69fe468cd1cd0645e0264a301090bac5e2446b47b1919aaf735bba69a200f2469f720016db4f073355237cc8fc6713a65ef1b92416b1f096c3d953e36b8d3f8021dff8464fd8e6e2ab4e159fdcf5c6f834036a18b924e1d25c53e9c02fa8968fcb4030712b58c8e07b22720ff3fc81c23298a5b6f27d8d59810254b3541929a9fa1f4cf70360780fc135ec0f80b8314c5522c36b9332d23f337bca94c9820f9feed002908a57b4dfe2540ce3292e2c7cb9deded06999a211049a726a6925c17f2f3c2ea595c2085c8f0c3af01d2f588e2bbebc9f676603b6676620ea2e5b9fd76d1fc602add2091039fdefd0a201d7d5bdc1ac60258c2dcdc2185c8c73f49cdef44294b2e908373888f966fdff0b2cfbc16b1a52445f120d640da180837a70297ae90a266852e95a80b24f0b383bc6934be4460fb065612fd0490a95c8d48b65d8ca7560857e2b8b1b755a42b09cff1e3348c31eec4c26192e9315126e19395457361c4ebeff086363cc83f02813f92c47c8e16abe482fb4be583a6a88a5234963dd01e9e2c3b5cd6ca7b312349f1dd7882faf47623d68c85491199230617cc996c77cf9e073242ea014b4fd748c5c78baa2c5bd6b1a7fa7cc1ec92469ec8e9ee29f74d67bdfa0d358efdfbb2f653a09334b6181c0b1454e051b41b244e4d7ee0410e1a812f02f1e89e81f4f9f24b16c0bd18c8d3f7c205bf388e707c1bdb41bd7a7ba7797926cb233aa6490ab3d215c2cc9eedd7d0f1f7031e64a211089c27137865c9b341e2555b414a72f18cd58b81c4b51343eebb01214f781b49a339b98d0d42fbefc9c4011dc838d315f668dc14ec554ecffcbcd7fe1c08340257d8be3e1764ad108fb78e1440699b44ad1edbc7d6c8d938408ac71d470b8fe4e04428f31566bab83522c6f1b2b9ef0f95efc3387bc6c73c52c8912f93672924eec1fb7e1b48611bfdee8e075d9b82310e554c52619d5b6ff9f20a92b621d6b2d96ccd10aab56c0dd4367b486c69a1062d0e53c2216a71e86909606968afd42be190071bc73ede68412ed331361ff3d827bd22b31412b29043d902893534f2a5d10860ad7e2e48e6857341ee5b2a487bbbaaa615e4d42b06f6f1a4ff0781b65e234aec0be6d33ed422eff502444e2ea63b10f2f4c3fbb7e3b22c97a1d0c70531c1f5ef19412471da10463290e5cf5815b5015ce81548d2d149a5408a420250603c0dce35a91d4899db5b2c75f94f96040a79b671c8137b90657970b95f1e13df22d9203afc0d5effee1274fce48103797373736e5ee71548c1e24129054d270420ebd48e2a78aa2cab1286668bb5812cc530c6c0a4df3dc3590859fefa033f7b82cff6b873baf8a4df8912abdf4199b39137e5f3f2f915fb7fe415c82266a3e2699a16505273c55696f66704524f558be84bb0564d19423a4ffa7db1d5a6cabb2690a7743cd8bf1d3c5c7e90f17e34637226e94c8c279dfec6d9bf2d13693a9bc1e0ecbcfc5983d69e81dc03907b78c3056007335f628e756d810f7f6af8a80a05e8fa91ba369027783c887b75f806efc5f7f5f22a74659594460844de543afab7648bca312fc906f22691fc7c767373f619ff213c031907902d4138c6c7555abb632833401a157c251b751f06d7033239c2bd1a49acff21849f5fd6fa539b378f3a2192783262f572de54e29efde98a0759be3917e4cf6709e11c994a8f35324e7bb639d30d7c1d2001355b8f4c7ec77b90a5668009ead967a092df2073662d3fe22762493c0987f9516382994aae673390fecfd8449e7d8e08d19077208f82d44682292cda5a394076543e78c7bb01790ef23d1e0f32c1bee6feea43bf8fb149323f5dcd4dc49a695ec1decb99a914cc9e0d81d0e9897003265216ce714059facd1b9012f80f050d12db416cff58abea0c9005fcc12cb65803c8e87462610c90844fff1b0c67928484355d9db057e9ce183582a984a944e2b309c8088aea23c444c29fa5f45fbf2daaed5b70b7769071e2aa75e2be83e62655e9391ae90b9ae5e45e776d69d80c38647b7b320554e690c5315d6debceae5163046931feef48b6400a1723d40cf7eed000479308e46fbfa59e0d32050a09fc88556416107abc03a4dd2ac63dd6c8d36663dbc97127468ba52cdfa1698e4c4502c0252c8836b6d8d55c3c3090e48f50da47ffbd3a4f0889cf5102f2b7b9fd7bc10d5b20f554314fe2459cfea9e2cf415a555e98e5b589195045eb67bc037971b9e3c2d86842af768ea035d955d92338063c76b51db254065bf119199ee2a50d37d8c05290f3502eb865422098afe4f30a19a8a8a4439361772eadeb5506d8c0c7ad381282f7a05a302423ae78199047c6787ed08e31101b92ea6f77aed6d9bf49991e0f914fb045bb0359b681c4fdfb02850190fd6120679bca0537ed4aec92150bc804926eaee42b14b00ba45821e0f3f9bceae5103139c33886a727f8d40c8c04a5fd175ca3466ec0336ae2308a797026a743e2a72c90334de582bb7682546b063dd35679ba33400af1bca3853720dfefb88d239d749d03924d57933633478d2cc116fd168b35fbf79a4c32bcd65525c8c6f32067f4ef05776d03195415ab7e4ccf9a24d559ce46c00b42cc16d99c7720fb363f83821e6ec6616642c71e0a915123ac0821b5b8649043126c3fbf7deb23944d346477a87108bb323b4857ff5e70d7a98cc224af1eee19dc29a9a5a8c120a29b2f5671ab3a9c6c55504b163e16546811546a06fe056f3644939afd301f86939919c95c76ed4ae8509409b319746a77fe02c9c95dacfffdae198bf5c303c76929d0bd0e0d7f73c8bb55411a692ac729d135ab2dc6b3b55cad98127468420a7ba1316ba1178e508b3602082d8cc7009b2bd2b0d7dc21ee0619c70b38645b763d9f236dc69753d9e4af1892def71eeedf5fec2a29059afffa9f7f3941dafbf7739e6a79cdc01af6253eb9eec1bcc2f6841a47fbfa0eb7a9d4fcc4a7637e541f4d7fc3c941370672f70d7d0834ce79d018a41ba377203724ef63dd4be4ad2fcda96dfbfa0e87a934dd36f467d26c46f96ef23b3690589adfbe5d6295bfb24ece01b96ad7fee7ca411799caed1dd2b505b6be2334c354b2985c228bbe4cfbe8aa049adefdf8fead495076d11f2a10687c3183a09920577736ff60898c7a31642a2763db8a4c2ba543133a9adf4aa8598bbe68c217221f46f2e0bbdf7f36fd770f4086b72fbb3bc89735fe602b66dd205d41f9cb3cb8f77232ed4d90a9b4c21f7eeb4296d0b18d6b68d736f591f73727bbbdbfaefcf2c3bfbf634b09a3a57e036be5806ccfe00439636cf302cfbc26f9d487fecd02727eeb422c1199858f49735992b982d3594e3e1ef646fde9b0ff73f8ed3b1044216a3f86fed9d9c69b773a41ba312e0729165ac55661f17a7fa38ae5911c3c90120a85026c8828980b89ed814d84a70bb3b2c02f026be8e862ed9f77bb9aa63d7cfb4bf69747d893c1d873a7371968db8d2f68986303393b95b6f856abd93c8aab5535bf70abe64e068da99535843acb24f1f30e8742939159ee6d57342cb66da6d8fa77cb74e27f4a7f5ff9cbe5b2e6fffbeec11ffad0a7417f6c8437ad41fdfbb39f03392fb9bbf0460bac7ac217cc2f585f0db95ddf06400ac2c58fee254249d3685424f6be396ea771932e6cc3601bda9c3e8cbf9590631af4460fd3f0ed743008f791270bbf1192a5d814c7ac8d6d13e41c8c8b4116b8cc039d7e9d2950b5f272200ff6798d3b25a11049ecda259234c375362f6b9d3383c8f71f0677d7d3def0c78f334d93afc26359961f62c89385a7939ded9d2ed471509073312e1e22128eac9e62fe5e4a695c237df842203f8da2c9215f662aeddee151e3e4da911097384f3e637f1f2617d31fd3b2a65dfdf5377edd9f3f74d3eb3fc8f26dbf8f837e3c820a77c3db04e4fc7986c520c92c8d52ec14c974cd7adeb3f048f9040c7ffc38e18e45a7306a6c0e6d2d61f2203467df52532efa7f8f646420cbf28f6fb852e33e7c55fedaed7ef09fdd624d0763d99c6c77ff77e1ccd762906d987fc585006d1597919b9bb51b85e2d151b160b0efba88c5bc2eb5d7ceb6f7ac9a54382b095574b898b63d09b46c39fc58355e4407d373147c9848a0810dea6b23de39bfef635fdbe89b9a9ab46d426c5174569c7ebaf7df747f228d2c4faf07bb315ca38acb5e6e6f35393488c51a24cdd4ebffcff1628c0b4142a651c18f798c6b200f693ed2685754b245559ba2ecd439af7d9ccb03f6bc8f25ce709ebc6eb4605f2b852b9f4e07494b45e5ccaf98a507959936395a4a244efbf0787d9b8339e8f5510fdcb9748f1a01a0bd939b72baaf95cbfefdbbd1b88908cada7d0c5e64e5970793fdf24d0c66d9d0af5ea7abcb382ed748e772e0946226758315a24cbcd7deab988ebe421d7d0e0a0a5896d87c8d58d10c097c8a6960d315eb60768652964289c8f4328c07700e07931c115339367751e0d4d0a4680f3447531cf6207decf5ce61419d7c16860cb95f0eddf669d76e4c7aff5a614faf05200bc434daf7314b55f8d907f20a020e648b4ce704c9f442d104c9954bd2cd988a7cfe5da50bead3e4d7c9e5b3569aeccb09b91b46d280b96c9b83399976f1a8b1e91e35125f03e3420834897d49fc188d7b0f5a593b1bdf7eb8bd055d94e5f3c9075cfdb2df9c803a22cdefaef4cebf0520755af098e7de41a313178e7a9e6a4dd65820a19c2fa8e4b239b896f4e31cada6a497908e4ca671838a42145c858a2b915473f8b23595556c39651cdd9f84c31425f203bbbcd125a3c686396a9ca9864c4ec7601aff7af81a1ec8c8225eeefb01a5ff6bf8e1438ca68fc3b7fd155f0eb400a4709c67d5cb5986921450050bd55421a7320016481fa990449faab8062d083b7b118dac7552e92c7c6a0bb48cc5a71ea5abc7443561c69c18136c2f8cb6ad0ac19293d16e9380bcdc2185ba7c28347bd448977cd9fc5cf4c73571d6d36eaf0c15aae55e136663e5d0bed9ab07b195b7e25c0452a8e6a83d445a097d4f078d233bf2495995548f5b20e1032d55d1313f28270790b0a5920420597510d3b8148ee7f15f041492ee56472a8c660da70eee9a9761a694d854862fb8b3919f100ac5cc5d22edbbbf5241b1e7ddbfa72800bfbabdbf820a55f9e1f2e1ea3e7c26cbe5fb3e8cb6b71b1f1ea6bfcfdf0de73120053dcec2713587e91df3b528065ead504b7320e1e1e3e4ed54a492aa283067039714597515e826db28ad00cb1e2472c511b95cc27398b3f7f40b5d77636186122f51b2d29258c8a8b111339dbab5fb2bfb804643b158ffdbf7f1787a05e58061f43ffc9edeb3dbf17d93ac9008ec0caedf3ce235dc8b416294396a2ab1a69118dd19d59a2041f770b493a79501002d1734eb52e30c2434dc73fc4e111496bb9c4ef3da24895f01fba33b6128a10fc64ab6512349b05d32a7eea81f47a4217f3b09d30a55596b36c9ba92d043bf0916637ba7d95d7957d89540624e3562d0688da97b6d1703a9fb5c12a47869a8c8eafdc044aace19da6cd079b97bbf4e98db421d110de128491a0af11b3b4bbb602a273f6da6924862dc23330ad89b4085aaf6357ca35d85bf6a328c66c87cf963f6295e06d2da41a5cdd6d800485754c2404a849dca497e0e48d048e79893f822fef28c0b249dd992fd43ae7fe351b1e560b0d0b9c698e9d423f44389606c86d9d4783f1c83227ef9a139edd390e7b2bb7c9f9fd54182e9870e2d88404a653ec21928dbba76b018e745980952f0cd8a6e48e1257ff59e3b2667a5ca72796a339581edd835df8ecc353a9c3a8a8f00e3a559b0812b5429c83e358ee17ef7092fde9e0f5287e01822902a030955926c4457c5499f1cef6c300997e59b0992043a14530b96d7eba4627ae9a25036732dcb8398d9bf914d9c5cbfb7afaba3738de6a81147ec801101e3caa6b777fae181760339485832df5bbaedc2e3400a601921ea235d9b390912e9e1952178699cce81244e9d74c7541109bcd2781648122891416001c29f22cddbd1e58e06bebc38bbce2569a2dcef9aa150f3132c3fe62532e4e71a93236a1cc3cec240a483cdfe25d1cf49f7c7e3de19bb02c836a1966b9368127a2219902847854211e222386805e4647d4dc1d0f502d83830a7b340d2283dd82ac4c97251f24a5fa8ed6da1cbd3b0ba79eef44584994a6ddc23fd7b32c44b81878ef10b9b6bdc87ac06671c9dd26850a2fdb78f0879560449aa9dd9c0d94776363cb4ad9e2326d402492e51159f6ad1990d928ed9d95a70050c021980a2cb8310725516145ee19df600e5d51442a1ee45024f308c9cede8a8f132bc136eda8ca3a33c10fa78b3b7ca1b101f0dd29e57a0190823c8c52841d28db9a44587cf69d0e4d04c9042816fc95e4c57ad70bf9e77595b5e2c53798043a169241a8d4684935357c337bd661842c3c624d608cce688313662bdeba718c715400a2d6bf2abc2d269faa1b93456cd91b13006c9e66cd2ac44172916cdd8ce0629a42baaf9e3a6ff1683d6c1656f8260453eb2bcdbeb0f238944349a88764f5cedb62014c228e762c43adb5d6d07fc278114aaed8aa2a88a5239e23661e8f8f2102206d90ed89dbaa298895da35851b079cb9bbbb2a87945a11b701732a8a5b985366d495f7d4c44dacb9383472b4c9447cc5068fcfd4a0e4513c9e94ed3b5eb82607c8c75e7f569d3ddacfa4e86a78184cd0c3b69e7a63fd54e3c3ebf68403f2eecc58f57990b8396aecac9d4ac837384adda42a6f2fefe7eb8fbad3fe9bb1266822896bafdd95e26408ce3dde3c6834f00f94f17cb54c2bf890be7eb9440102592409fd9ab63bdc78e075f2148473da473911213bc0d0b996b744ae3b6db5f3d59f69a41720b5cddab414c418f6afcdea7753d1cc6fbc1f431c9b2d70dd2dc56cab5f3b060fa70bc139d28bee99993d5601c0383fb555eb1f2eb8084b5c5fc8a1a2227a3d31143097bfa895b63183532e3f875fad1835efd9a40e22905e7462ad22e4e929bafa6223ba8191f7fc05c232423fb079ef4ead705d225095a8b21edd3d10e21291a6fd14868078d189f311efca5409e0ca8c18cb09a20b6abdfd66e17c973c683bf1848486324fc327b3590b9d1a4b8f5f1a3b7185f33c8d0108dbe13b226cb564a887b87b4b7185f3348e164781541fa381871790caf7cf42f051217a56a6763fb7b633dd7c45f02a4201c949c47d64572134fb7595913c94d3fd606643d2437fd549b90b590dcf4436d44d64172d3cfb4195903c94d3fd286c47b929b7ea24d89e791f9a61f6863b2e00de7ff01f928f198e4a61f6783b2e0d5dcff538358e40000000c4944415401f938f1d250fe1f9231ef3cb792335c0000000049454e44ae426082);
INSERT INTO `courses` (`id`, `title`, `description`, `price`, `thumbnail`) VALUES
(9, 'Web Development Fundamentals', 'Get started with web development using HTML, CSS, and JavaScript', '120.00', 0xffd8ffe000104a46494600010100000100010000ffdb008400090607101010150f101215100f151510151010151516171015151715161816151517181d2820191a251d151521312125292b2e2e2e171f3338332d37282d2e2b010a0a0a0e0d0e1a10101b2d2520262d2d2d2d312b2b2f2d2b2d2f2b2d2d2d2d2d2d2d2d2d2d2d2d2d2d2d2d2d2d2d2d2d2d2d2d2d2d2d2d2d2d2d2d2d2d2d2d2dffc000110800a8012c03012200021101031101ffc4001c0000010501010100000000000000000000030002040506010708ffc4004a100002010204030503060c03060701000001020300110412213105415106132261713281911423335272a107424353628292b1c1d1e1f03474d215247393b3b4162563a2a3b2c308ffc4001b01000105010100000000000000000000000300010204060507ffc40037110001040003050703030304030000000001000203110421311241517191056181a1b1c1f01322d13252e1143342347292f1061523ffda000c03010002110311003f00c0b137ae5cd23bd72b5eb80bb7348135a2ecaf62f17c47c50e44841b3ccec2c0f40a3c44fb80f3ad6717fc114c881b0b3899c0f1c720c998f32841207a1f8d577e2e163b65cecd19b048e1602f355bd1168988c2bc4ed1c832ba92acb706c46e2e34ae28a3ddaaae34bab7a2ad714511452280e72ead116928a7aad320929cb4e5a2770c342a41d74b1e4483f783f0ae84a6b437121700345514e86166d14163d00bd1044d7b58def6b58defd29ad0c929829c053821e94e0b4908b9700a701466819742a41b03b7235dee8f43f0fefa8a6b503610c0a7014f0b461867cb9b29ca766b69bdbf7d2246f50b25000a70144cb482d2432e4c02b63d8ee1a3277c45d98900f4b1b69ea6f593cb5adec871240040e72b5ce43c8dcdedeb7bd54c707fd2fb7c792ea7633e3fea87d4e195f1f9a77ad9e1f0e2a52c74381b4a915c05b35cb50a57b5149aa8e378eee62693981a0eb7d07df4ed6971a0a2f78634b9da0ccf82cef6bf8c1d70e8753f48474e9fceb1ac2a4b317373ab31d4f324d2ee013941666e81411e76d75ad0c31b6166c8f1581c562a4c5ca643c80e1c073e2abdc501c5584b101bdc7ea8fe740745ea7f647faa8fb486d69e2ab9c547905584f15b506e0dec79f9823ad47c4c0ca6cc2c7fbe952b565b6157c82a3482ad4e0dcdb41e2f6416504fa026f5026420907422e0fa8a7042b6db1aa8120a609e45d15ca8dec0e97eb479168396a4ad31f4a29deb95d3bd214e8eb4bf83de2387c36373e29de389a374122170cae590ab129adb461cf7d45af5e8fc7fb4f805c3bffbf362e5c8c208948033d8e532774aa0ebbe6d34d05f7f165145515526c23657ed927e79f3e28ccc5ba36ec8011a57ccccd6b66666b7a9bd2515c51455156950739754511452514f514c804a728a2a8a6a8a228a6422e56cbc7b11f5b5b937b6b726fbf4a0e331b24c4190dc81616d39f4a88a288054046d06c0099f3c8e1b25c6949c162de224a58122c6e01d398d7ddf0a9e38e4f706e34db4dba7f11efaab514f514c636bb3210c622460a6b8a97f2f7eefbad326bcb5d5b37efa8e052029e0538681a2aef90bb52a7af159828504002d6b6fa5b7ebb0dfd36a2a7179873df736b74e9e955e05380a87d267009ffaa947f914e737249dc924f4d6a6e1b88c88a116d9466b5c75373fc7fbb543029e0549cd0451406cce61b69a3f0a3e3716652a586a001eb624dfcb7a8e05380a7aa13a01ad200014141f217bac9cca1814eb54b8b874cdb231f71b7c4d5d709ecd3b3069b451ae4dc9f5b68050df3c71e64fe51e0c062273b2c61e64501e256bb834acd0a17f68a296f5b0ab515170b15854a159c26cdaf4268a0026bd63fb6f21eed4722c6fee5ad8b0accf6b3066484902ec86e07a5c1fb89f851b0ce0d95a4f154fb458e7e1646b75a2b088d620f420fc28b095560e1ad6d8106fefca2834d35a02db58063f6730a6cf8f66411f78a059c1366d4369b5b4d2a3e3b16654c8ce96cd9b456d4d88e9e67e34158d988550598ec00b9abee1fd9367f14c6c3ea0dfde7f9501e628a8bb2f55d5c37f538a25ac17b8e66bc4dac8cf6b051a81724f526db79682873cc596cc0137b87fc60398f304ebebea6bd4b0dd9c81069103e6de23f7d2c4f66b0ce2c615f50329f8ada81ffb08ff00695d46f634c07eb1ca8af2cf96803294b8b00dae8da65d74b8d001a11555883998b73249f89bd7a0f17ec26ed877b7e836dee61fc4562f8970d9a039668d90f224784fa30d0fbaae4334527e839f9aaf3433c5fdc1971ddd7f2aa245a01152e4141cb566d45aec9561aea8ae1de9ea29d5d29ea28aa286a28aa29905c88a288a29aa28aa29141714e5145514d5144514c82e29ca28c8b7d06a6c4fb80b93ee009f753516fa0d4d693b3bde88e458a4303b3c2a5ee45818f11707e1ee363b814291fb0dbf9efe89a38fea3abe7a854c30926d90df6b58ef7b5be3a5316b658a9b1d1a348d8fbdb5b0dc9bdec05baff76aa3e37769ae6ecc63c3924ea49ee632493ce8714db6777813ddc477a7c461c46db17bb5adf7c1c782ae514f02b8a288051d73c94945140ae014f514c844a4a28805202ba05243252029c05380a40532812b41c0382ac8a24905c1be55e5d2e6b5b86c0851650147402c2a0766886853de3e0c4569235acf62657be43b47795e81d9d878a1818631a8049de6c71d5445c20a34705aa4dabb55d5e4d55a752a54925c351e78af526b84524963389f65d598b467bb2775b5c7bba54483b24d7f1c9a74035f89add18c570442ad371930141cb9cfec9c1bdfb6599f3207404054fc3b83c708b22d8f36dc9f535691c0051c253eabb9c5c6cabec6358d0d68a03704c0948a53e954549477801a8988c0ab02ac0329dc11707d41ab3ae114f692c862bb17827373028fb25947c14814d4ec46000b7723def25fff00b56c3252cb45faf2fee3d4a17d18ff0068e817ca5ce88a29837a2256a570dc88a288b4d5ad8f642d9542663e298e2563661295cb1f747c0439407bcbdb41cf950a593e9b76abe7cf3518e3fa8ed9b5955a328addf1066322280c70a6fdf092495c9162322ac8e73312465ca335c0b56597806379e1a6bffc393f950e29daf166878fcf94a13e1dcdfd367c3fed030d8577b951e11ed312020d091763a026c6c399d054a1dcc7d666d75d563dd85c0f69868a75cba122c37a162e492fddc80a64d3bb2b9729b007c3c89b027a9d684b53a2ed4f4fcaaae7061a033eff00c6ef153863e4d9088c744017ef1a9e5b9e556bc11a7eea478033cc2481b45ce754c40248d6fed6fe7542829e16a2e8c1142ba7cf54213b83acdefdfc4564b4f896e232a949206653c8c034f31e0d0f9d43e305927e68c23814f223e611594fde08aa9541d288a299b1069dde03f92a12e20b856779664f0bee1c54d38c66be702426fe222cf739b5cc2c776275bec3a515608dfe8ce463b46c74d49b00dfb235b733a541414502a5b006997ce1a2ae6627f567ebd75f5e488d195366041d343d0ea0fa53c2102f636eb6d28b86c45993bc1de2235f293bed717b7e88f855fe1f12580760c23ba96ccc58b47760f987b3627450146a34d89a1c92399b94a1819293f75787af76efc2ce014e02b8a29c28aa812ba053ab95da4a2b55d8bc4e8d11e4411e8743f781f1adac274af36ecb391885039dc1fd927f857a361ce95c2c733666278e6b73d89299306d07fc491ee3c8a914a952aa6bac95564bc62247eed84b9fc5602098839772a42588d46a2aceabb15fe261fb388fff003a7001d533af7253f16891b21ef0b6557216195b2ab5ec5b2a9b7b2da1d74a2cd8f892133b38ee8287ce35054ea08b6f7d36aacc6cd3473cef0a2c844387243160da34feca81e23e57143972ac785c3a06c4259646c817c71c6a086d4800191a236a9ec8cbe6eb51da39abc9b10a8016360ccaaa75372c6cbb799a1c18c8dde48d1aef132ac8badd4950c3e2186bfcaa9a0909c3448c0ab45888222ad6ce024aa10b589172991bf5a9d731cd36246c93859c7588c105dbf50f8bd33f5a5b1afcde96d2b7871b1b88cab5c4ab9a3d0ea2c0df51a6846f4c4e270b42f387bc49dee7600e9dd921c5ad7b82a6ab3847b181ff00807fe9a555e2fe6707349f929a3c5249d165f9c11bfeb0b21f3118eb4ff4c5d77fb9fc28ed9abf9a03eeb518be211c442b662e4121111ddac372420361e668b859d6450e87329d8ff307507958ed6a82a5862a6ca017ee30c5431ca0d9e7e601205cf43bd1782cd9e22722c47bcc42b229bae6599d5981b0be6605b6e750232e9e6a609b5634a952a8a9254a952a492f9486f454a18de8ab5af59c727ad4889c8bd891704358dae0ee0f51a0d282b52b0787323aa2ee4ef62400352c40d6c00274e95126866826ef2533844a239033128ac9320700f84bc6c81c5b5394b03a6b5abe0d2e1c2ac4e3093ca4d8314541d00b9807c58dc9bd64719880e42a5c44832a293cb9b1d00cc7726c2f435aaf245f505935f32f5d149b3988d373f9e3e055971399498d15b3f771aa33d880c4331d33006c0305170345a8aa2a399d479fd9ae1c59d028172c00bebb9b540e2a18feddabe59ebe5aa6383c44a4b8b6877e5fce8a7ad3d69a28aab7f8803adcec0753e42ac1200b2b981a5c680cd7569ddef8c448ad2cc45d61417908fac79227e9310a3ad4bc370992493bb91be4e35ba8b1c4900daec4dd605db560cfafb237ad0f01e06648ca41088a175d5d89c864ccc0b963e399c0ca43313a83ec8361c9c4769b47db10b3c772d2603ff199241f57147619973cf4f7ae3557792c9e0310644cc5429ccea4060c3c2ecba30d0fb3b8a94a2a270e8b2874bdf24b8a4bf5c9348b7fbaa62d74a171746d71d481e8b2f8d63598891acd039c07204d27ad5c62e75387540f76197c3a5f67bdfc20daedf58fb476aa814f14ee659078203262c0e0378a479a1c86d704100823620ec75d6982a561bc6bdd6e45fbbdf7e606bcedd2f702a3d269dc50a468c88d0fcaf0f4a5cae53ab47d9be121ad338bfd41cbd4d42699b13768a360f08fc54bf4d9e27701c7f8dea4f65784b29ef9c5988b22f31e67d6b6502e951f0d05aa628ae04b2991db456f70b86661a211b341e7de9d4a952a12b09567f8af69303879824cf69505cd91dfbb57b6ae5410b7b0dfcab41585e1f3e1e2c47151892029286456f69a2319d00dcdc1b69d451a26075936686ed7503dd0a5716d550be3cad6838971ac26172cd238bcc1446501779156e4650a09206726ff00a5418b8ce063c38c62301078620eaac48bb1b265b5d753b5ba72aa48a581788e05d3e6f0cd837187cf7006b70066d8e523e22a8788107018e913e84f110cac3d8233a5d8796a35a3b30ed3433cebcc915a6be282f99c2ce595fa037cb35e833e370ab3bc0df4c10629c656f652ca24b816246502dbe82a270aed3602793ba8641de4a4b656475ef08500d8b0009caa3e15518d9964e25886460ea386480b2904025ee05c73b552f66fbd79786c388c91c2ab2c9866504bc8c2fe07276237d3cbae89b87698ecde80f913a782774a43a871af303dd6bd7b43c3a19530a1951a22214b237751920011e703283a5ad7e55ce29c7f87c25f05313a0b49108a475b38cdae55235cd7acbe33111e1fbf9a268b17837c57fbce0668ed22ca586631df7b1b6e2de1f226a71698716c6f71888b0c72613319533061dde817c4b6b6bf1a710375cf4bd77d8eecb5e0537d576996b5a6ea3df9e9ddc95df1ce37c3d0a7ca18e7299d32ac86458dad7626317453617bf4f2abae1ddd774860cbdc950d1e4b642adadc5badefefac7f688a8c54b3e1a78d7129871f28c3cc978678ac48cada7a687a6dadf4bd999d25c1c324718851914889400a97dc2db95ef6a048ca8da45fceef422efbb4456b897907e78fa8cbdd5b52a54a808c952a54a924be53e7455a173a22d6bd66dcadf87f0ccca2491cc68cd922554ef2591ae0111c771717205c902e6c2e74a9d83c3c2e1d30cee6675cab1ca8a848bdd9632acc198dad6397c893a51f09fe378730fa33f2109d2eb28120f5ef3bcbfad071c4b1892fde711ba879108b66d022bb0d249836eeba72258ea2997171d75cfb86baf4cf3c89472c0d1a6faef390d3ae43b954ad7663a7bea771a6538a9ca58a19a62a46c4173623caab712e06e40d39d431b2d61c9e343ae7e885828af1207edb3d32f54ca8b8fc4140a54d9b30b1f4d4d0311c660436cc59872517fbf6aacc5f10ef581b65500d8137df9d67c1deb4245e456f380938a5b829185d1ddcdd41234eee3539e43e5e151cdbaed384602d73864258039b12e7c605b5bb68b12f92dbccb560fb3d2e1f05107c4b19277b32e0e3d1c0b787be7fc9def7cbed58ed513b73dacc46230ddd122181995570f1786303739b9b9d373f754e696598fde7246c24784c232e365bcf1d07b9f9457a8762705c3e6794a4cb8d960282565bfc9033e6d14fe57d9373ecea3ceb74b6cca6e770147216b7babc7fff00e73fa0c6e97f9cc369ee92bd7e373980d371fbf6a1b5a1a2829623132e21fb72bacfcd06e5e2b85f6a6ff338effb99aa52d45c2fb537f99c77fdccd5296b4d87fed3790f45e718dff5127fb9dea514538534538514aa654bc0459e40b7cb7cc735af6b5cedcf6ab26e0d737cfbeba2c606bd067d2a0708fa51e92ffd335a1c371091e3ceaa4280df9400d946bb4761e57354b1123daefb7dbbf8ae9e061865654833b35aee0387359fe21821164b3660d7e4058836234b83f1add70651916db645b7c05627883031c245ec7bd3a9ccded1dcd85cd5bf6678d2a810c872dbd863b5bcfa507151be4881d48bbeb4aef6562218314e61a01c1b5c2e81ab3c6ceab76829c5aa0fcb142e626cbd49d3e3543c47b5d1a1cb10ef4fd6bd97dc7735cc8e27c869a1697118a870edda95c07a9e4352b599aba0d60e3ed9497f14408f2241fbef5a6e19c5639d7321fb4a7753d08a9cb8692316e1920e1bb430f883b31bb3e04107ce95bd56e3b8261276124f0452b8d033a2936e973b8ab05351cacd7d192daf224d0412330ae100ea998fe190621424f124a80dc2ba8201f2bed4e4e1d008be4e22410d88eeb28eeec771976aeb2cdc8a6dadc1d4d22b3587896f737d0dada587efa566a92a1aa060b8361605648618e35716902a81986a2cdd46a7e35d1c270f68d7b94b426f08ca3e6cf54e9eea36596ded2e6b9e476ae32cdad9900b9b686f6e5af5da96d389bb4b647051e4e0584697e50d8789a7b83de945cf71b1bdb7f3a6633b3f8395cc92e1e29246b6676452c6c001727c80a9ac25be85079589a6e59feb272be869c3dc3427aa6d96f051f1bc0f093e512c1149900099901ca0721e5e553e28c280aa02a8000005800360072141759b4b32edae877d7eedaba166facbf034d64ea5380066a4d2a8aa26d092a36b8d7cafafc6a553274a952a54925f298de8ab411458eb5eb38e56781e22517bb7459a1be6eedae0ab69e247521909b0bf2361706c2ac71b8c481de3c34423617532962f2d88b1086f953722e35f3acf8daad38cff008893cdaff100f3f5a01602ee7af96ed137d4219d39efdea32d3518778de120e54f1db43be80d394d2635270ba2aa835638aabc7f04188914a111c8cf0a136ba9324891827cc67bfbaa8b118330cf2404e668a49232c3404a395b8e9b56ef83459a68ff00cce03efc6402b2dda55b712c60e98bc60ffe67ae06340131a5a2c0126116b7bf837e011883fda33e1fe599b111e1f0f86d2c5988cf335ee1ac4ec7419589e4464ff0c4d00e292c1875548a322ea80040e557385036d41d3adeb41d88e33c544270382fa3766656c979509166313721d491604eeb7ab6e03d8b804c64cbf2fc566f159c8c2c64687bc9c5cb30b6a915cdee19ac6aa2b88bf80788e1b098d97104411e7c392f210aaa143df313ecdae343aea3a8addc9c4f1388d302a224beb8cc4236dd618342de45ca8d880c2aae78f0d85cad8a75c44f1dbb9c3a2aa61a0394e558621e1889f158b12e6e4663b567b8cf68e6c5930a96890819635166b30bc721420b28b8ca7be0a9e21a1d0d2495a9ec8a7779f093fca4e690c858a96790bb19183280a0e62da5801549244c8c55d4ab0dd48b1155783c7cb0cc1a17b4922078e7054cb365422ccb9af8b2bafe6d45b73b56f3837135e240c58880332671f2888de252a402a58d8a497d4a7880ea6ba10639cc01afcc7985c4c7763b2625f11a71cf3d0fe3e64b2f4e1579c57b312c5768fe723f2f6c7a8e7eef85518aeb472b641b4d36b2b89c34b03b624147e6877a99819c46e1c8242e6040363a83b1f7d59438c8d50aaabe41ed6b19b66d3da31dc5ef6df9d520a9507d1c9fa83eff004f2ea2a32301ccf77ad7ba78277b321de74eefe0744fc64e8ca88808540db9049cc6fc80a8b4ab95368a14ab3de5e6cfca15ecbb7d2dcba52a55ca928aed5976731462c425b663661d41dbefb556d58767f0c64c425b653763e43fada85357d376d6947e7556705b5fd447b1aed0f5fc6bdcbd330ed715089845eecc092c6da8db7b587df52b0a34a46497f3608b9fc61b72dfdd59b5e8c80861b1f131d05c92dc8d87efe54c1dc7d73a79b7f76fe152ccb2fe6c7ed0d353fd3e3495dff3763737f10dac6c7d6e00f7d24946cd8720788e506c0dd80bdef6fbeb8cd066cc5cfd6ddb2dee7e3e9527bd97f342ff006c5a90964d6f1dba7881bea3fafc2924824417b673707a9b03a73f85319a0b9bbb0376beac09ebeef315244b26b78add3c435d47c39fc2ba2492e3e6ec34bf886d7d7e149251c080d9431e76176d6ffbff00ad72292056043b5f7b78bcf707fbdaa744cc7da5ca796a0feea25a924b8a6e2e363b53a952a49254a952a492f9446f454a0f3a2ad6bd675ca660b0b24af92352eda9b0e406e493a003a9d2acf1380c4493f77dcb0972477516370a8abde02a02e536bdf6d77344ecdc11775336225ee70f285843e5666ce1925d3282728eed6fa6b9c0d371a03c3239f0a20c24eae97544760ead218de491d7295cee97c4291954e5282fbe6aa924fb2ef2ba359f7fb22360da6f9d6fe9efe4b30bc2b106430f74c24033329f0d97eb12740ba8d6f6d6a2e2e1789cc72294716ba9dfa83e63ceb6a787c7161461f153aa26886450eccb26732aa101732a019880e0162cc4582dcd2768e08d962785c4b8755ee55ecc1b3278886cc01d7bc046834d395cc593179cb4e346baf7e79799439606b05efe62fa7771dea27670de54f2c4f0cfbf1b07f2ab29bb0e9fed1c4cb8a2cef2627132c584882bcec8f2b946604e48908d43ca6c75196f63553c0a18fbe11cf2b4103346cd3258488d138910ab1d17c4a3535ebff22ee70bff0095ac6cded66662cf21dc92ec6e646facc79df5dab938e044b9aeae00b4c2295547c263822b628a61e06bdb0309663290b7b4ae7e7312d6074b05b6990d81aa9e2bdb02544783c90437091c96191988bc615ee0480e56531c77617dd48b567f8ae326333473b309ce701245218e5f1c6e17f2a1583af785e18f5e7ad0124125a54b59c8412092ccc0b66118963bb175706d1ab08c8fc7e75515c5d9e4617767200b5de460322b80d1976202c56716be49a4d6d985c1a1b16771878e232cb7cdf26452c56ec49ccad6488a9b959dee483ec72ad1708ec36271195e62309005baaa284c51ce3c6aa355c2a9e6a85b5bf8ab67c3384c1844ee6089614dc81ed31facec7563e66924a8783763031cd8c7cf9ae5f0ebf46e59403f286da6616dc055275cbb5b6b0c2a8a11142a8002a816000d801506475552cc42a0dd98d947a9359ee27db0b0298519bff59c6df614ea7d4fc2a71c4f94d345a0cf898a06ed486bd4f20b4fc4788c3875cd2b85e83766fb206a6b07c6789ae224ceb108875fca3f9bdb4fef7aad9256762eec5dceecc6e7fa0f2ab8e15306022890c53788f7cb9598802e6e188cb600fb247a1aeac585100db399e807b9f359ac5768bb1bff00c5bf6b7bc5b8f2dc3a8e6831f0e948b9016fb062ab9bec8622f4d915a3063742ac729d45b400f222fcf7068988e193673f943f8cdb11e6ead62beac0559e0b0cd1a8ef58bc5afcd803bbf64b0b337d93aa023ce8ee9801760f2f9eaa833085ce2d0d737759cc67e03ab49e4755435ca7c8e092428507600920795ceb4cab2b9652a54ab9492458216760882ec7615bce03c2c42b6dd8d8bb753d0790a87d9be17910311e36b13e43956a208ad5c5c662bea1d86e9eab69d91d9830ed12c9fac8ff00883bb99dfd38a244b6a6c988553627c5be500b35bad86b6a30151307f45986aed999bcdf983e96b7baa8aed144f95af47ff9727fa697cad7f4ff00e5bffa6a2c73623f1901375bdb6b5ce63bf41a7aed484b89c808452fadc1d3f145b9fd6b8f303952d9f969acfc0a5fca97a37ec3ff002aea4ea4d81d7a1041f703501a6c4f241f8dcb9e5b8e7a8cda5feea978b1f3649f680cc3c980d2defa7a4d675f652a9570576a2a6952a54a924952a54a924952a54a924be4f3bd114d0cef5d535af59f2ae387f179228fba508f1e62f9648a392cc5429233a9b68a3e15693f11c2e223884f9e378d5d4ac50c22139a466b85ccb636201d3956614d194d08c4d26f43c426faae028e63815a5c3f12c361e29130e1a4790c5a4d0c262190937b666d6cc46dcea26338a493208d822a062c152348c6620024e402e6ca07baaa94d114d3089a0ed6a789407ccf236741c023ad59f07e3188c2366824ca39c6758cfbb97baaad4d3d4d3bd8d78a70b55db23a376d30d15e9187ed270fe24830fc42258dcdad9ec626208232b72d6da1e95a2e03d97c2e12ce80cb2e52bf2892cd2e426f9035b44beca3415e3560743a8abae03da4c560ec237ef21e7048494fd43ba7bb4f2ae54fd9c4671f43ec575b0fdac3498788f70bd96d599e3fdadc3c378e3031128d2c0fcda9fd271fb87dd58de39dacc4e2aeb7ee61fcda13afdb6dcfa682a9134a507675e72f4fc950c5f6c57db08f13ec3f3d159f11e273625b34cd703d94da35f45fe275a8ea684a69c0d751ac6b05345059c9647c8eda79b3de8e0d4bc0e20235c8ba90e08bd8e5652a6c791b1a82a6880d27343851426b8b1db435579162900b2e25828f655a35729f64dcdbdd6a1cd8c50182333bb905e46366360c00b024fe31d4935520d101a1089b77f8f6014dd897914001d79656481e037a2834a860d3c1a2aa749f44c3db32df6d2fe941bd2a4934d1b5ea58202ac56b11c0fb46a00498e52340fc8faf4357dfedfc381732a7ef3f0159c7e1e461a20f45e870e3b0f3336dae1e24023c15ddea31c3d89646297d58581527ad8ec7d2aa3ff14616f6ef3df91edfbaac309c4e297e8dc3fa1d7e1bd41d1bda2c823c11598886434c7827b882549eee4fae3f67fad2c8ff005c7ec8fe74f492f4406a368b483ddbfd7ffda3f9d34e1ee41662d6d40b002fd48e7526b94d696c85da54a9524e952a54a924952a54a924952ae572e2924be513bd20691deb95af59f4653455351d4d114d250705214d114d014d194d320382329a2a9a8ea68aa69909c11d4d114d014d154d320b8290a69ea6a3a9a2a9a6417047534406a3834553490c846069e0d054d381a48442900d3c1a006a7034c865a8e0d741a1034e06928d23034e06840d741a650a44bd2a6035dbd251a44aea3153752411b106c47be997aede924b57c07b4c6e239cf92c9fc0ff003ad9c52debc82f5b1ec8f162c3b8737651743cc8e9eefdde95c9c6e1001b6c1cc7bad576376aba470826367fc4fb1f63e0b680d768513dc5291ed5cc5a54f66a1998565b8f769c444c7100f20f698fb2a7a799ac96278f6298dcccc3c97c23eeab916064905e9cd72b13db18785db19b8efad07895eae2514f0d5e5184ed562a23abf7abcd5bf830d6b51c37b63879078dbb96e61bd9f736df1b534b82963dd7cbe5a2e1bb4f0f3e40d1e072fe3cd6c2f4c7900acf623b558441733a9f25f19f82deb21c77f080ed74c2ae41f9d6b16fd55d87befe9508f0b2c8721d724797190c63ee70f0ccf92ddf16e3f87c32e69a4541c86ec7eca8d4d6427fc28618310b148e3eb7805fdd9abcdb193bc8c5e462ee77662493ef3512ba91f66c607dc493d1731fda7238fd8001df9aab61ad2b52a55d3504853d6952a498a329a229a54a9905c1114d154d2a54c82e088a688a6952a64221114d114d2a54908844069e0d2a54c82422834e06952a4a0427834e06bb4a990c84e069e0d2a5494084e0d5d06bb4a92852e834ebd7295328d2ede95e952a4a34bb7a9180c518a54907e2d89f4e63e17a54a9880723bd49ae2c70737519f4cd7ab619ee2f55fda0c718a0771ed5acbea74fe35ca559c85a0c8d69e217a1e3242cc3c8f6ea1a4af3273417aed2ad20d579e35476a0bd7295491daa3bd4792952a756d8a3bd00d2a54eadb17fffd9);

-- --------------------------------------------------------

--
-- Table structure for table `enrollments`
--

DROP TABLE IF EXISTS `enrollments`;
CREATE TABLE IF NOT EXISTS `enrollments` (
  `id` int UNSIGNED NOT NULL AUTO_INCREMENT,
  `user_id` int UNSIGNED NOT NULL,
  `course_id` int UNSIGNED NOT NULL,
  `enrollment_date` date NOT NULL,
  `completion_date` date DEFAULT NULL,
  `progress` int NOT NULL DEFAULT '0',
  PRIMARY KEY (`id`),
  KEY `user_id` (`user_id`),
  KEY `course_id` (`course_id`)
) ENGINE=MyISAM AUTO_INCREMENT=16 DEFAULT CHARSET=utf8mb4 COLLATE=utf8mb4_0900_ai_ci;

--
-- Dumping data for table `enrollments`
--

INSERT INTO `enrollments` (`id`, `user_id`, `course_id`, `enrollment_date`, `completion_date`, `progress`) VALUES
(1, 22, 1, '2023-05-18', '2023-05-18', 100),
(2, 22, 13, '2023-05-18', '2023-05-18', 100),
(3, 22, 9, '2023-05-18', '2023-05-18', 100),
(7, 11, 1, '2023-05-18', '2023-05-23', 100),
(8, 11, 13, '2023-05-18', '2023-05-23', 100),
(10, 21, 1, '2023-05-20', '2023-05-23', 100),
(11, 21, 13, '2023-05-23', '2023-05-23', 100),
(14, 11, 9, '2023-05-23', NULL, 0),
(15, 21, 9, '2023-05-23', '2023-05-23', 100);

-- --------------------------------------------------------

--
-- Table structure for table `instructor`
--

DROP TABLE IF EXISTS `instructor`;
CREATE TABLE IF NOT EXISTS `instructor` (
  `id` int NOT NULL AUTO_INCREMENT,
  `name` varchar(255) NOT NULL,
  `course_id` int NOT NULL,
  PRIMARY KEY (`id`),
  KEY `course_id` (`course_id`)
) ENGINE=MyISAM AUTO_INCREMENT=13 DEFAULT CHARSET=utf8mb4 COLLATE=utf8mb4_0900_ai_ci;

--
-- Dumping data for table `instructor`
--

INSERT INTO `instructor` (`id`, `name`, `course_id`) VALUES
(1, 'Johny Sins', 1),
(2, 'Jane Lacey', 13),
(3, 'Michael Lee', 1),
(4, 'Sarah Johnson', 9),
(5, 'David Williams', 13),
(6, 'Karen Brown', 1),
(7, 'Robert Taylor', 9),
(8, 'Emily Davis', 13),
(9, 'Christopher Wilson', 1),
(10, 'Amanda Clark', 9);

-- --------------------------------------------------------

--
-- Table structure for table `materials`
--

DROP TABLE IF EXISTS `materials`;
CREATE TABLE IF NOT EXISTS `materials` (
  `id` int NOT NULL AUTO_INCREMENT,
  `course_id` int DEFAULT NULL,
  `material_title` varchar(100) DEFAULT NULL,
  `week` varchar(10) DEFAULT NULL,
  `link` varchar(255) DEFAULT NULL,
  PRIMARY KEY (`id`)
) ENGINE=MyISAM AUTO_INCREMENT=33 DEFAULT CHARSET=utf8mb4 COLLATE=utf8mb4_0900_ai_ci;

--
-- Dumping data for table `materials`
--

INSERT INTO `materials` (`id`, `course_id`, `material_title`, `week`, `link`) VALUES
(30, 9, 'Material 2 - Web Development Fundamentals', 'Week 1', 'Link to Material 2 for Web Development Fundamentals Week 1'),
(29, 9, 'Material 1 - Web Development Fundamentals', 'Week 1', 'Link to Material 1 for Web Development Fundamentals Week 1'),
(28, 13, 'Material 2 - Data Science Essentials', 'Week 2', 'Link to Material 2 for Data Science Essentials Week 2'),
(27, 13, 'Material 1 - Data Science Essentials', 'Week 2', 'Link to Material 1 for Data Science Essentials Week 2'),
(26, 13, 'Material 2 - Data Science Essentials', 'Week 1', 'Link to Material 2 for Data Science Essentials Week 1'),
(25, 13, 'Material 1 - Data Science Essentials', 'Week 1', 'Link to Material 1 for Data Science Essentials Week 1'),
(22, 1, 'Material 1 - Introduction to Python', 'Week 3', 'https://www.w3schools.com/python/python_lists_copy.asp'),
(21, 1, 'Material 2 - Introduction to Python', 'Week 3', 'https://www.w3schools.com/python/python_lists.asp'),
(20, 1, 'Material 1 - Introduction to Python', 'Week 2', 'https://www.w3schools.com/python/python_numbers.asp'),
(19, 1, 'Material 2 - Introduction to Python', 'Week 2', 'https://www.w3schools.com/python/python_variables_multiple.asp'),
(18, 1, 'Material 1 - Introduction to Python', 'Week 1', 'https://www.w3schools.com/python/python_intro.asp'),
(17, 1, 'Material 2 - Introduction to Python', 'Week 1', 'https://www.w3schools.com/python/default.asp'),
(31, 9, 'Material 1 - Web Development Fundamentals', 'Week 2', 'Link to Material 1 for Web Development Fundamentals Week 2'),
(32, 9, 'Material 2 - Web Development Fundamentals', 'Week 2', 'Link to Material 2 for Web Development Fundamentals Week 2');

-- --------------------------------------------------------

--
-- Table structure for table `order_detail`
--

DROP TABLE IF EXISTS `order_detail`;
CREATE TABLE IF NOT EXISTS `order_detail` (
  `id` int NOT NULL AUTO_INCREMENT,
  `user_id` int NOT NULL,
  `payment_method` varchar(255) NOT NULL,
  `paid_at` datetime NOT NULL,
  `amount` decimal(10,2) NOT NULL,
  `course_id` int DEFAULT NULL,
  PRIMARY KEY (`id`),
  KEY `fk_user_order` (`user_id`),
  KEY `fk_order_course` (`course_id`)
) ENGINE=MyISAM AUTO_INCREMENT=230 DEFAULT CHARSET=utf8mb4 COLLATE=utf8mb4_0900_ai_ci;

--
-- Dumping data for table `order_detail`
--

INSERT INTO `order_detail` (`id`, `user_id`, `payment_method`, `paid_at`, `amount`, `course_id`) VALUES
(229, 21, 'Credit Card', '2023-05-23 10:45:50', '120.00', 9),
(227, 21, 'OVO', '2023-05-23 09:35:15', '120.00', 9),
(228, 11, 'OVO', '2023-05-23 09:48:16', '120.00', 9),
(223, 11, 'Credit Card', '2023-05-20 03:32:40', '100.00', 1),
(224, 21, 'OVO', '2023-05-20 03:52:42', '100.00', 1),
(222, 11, 'Credit Card', '2023-05-18 09:42:51', '300.00', 13),
(225, 21, 'Credit Card', '2023-05-23 08:35:42', '200.00', 13),
(218, 22, 'GoPay', '2023-05-18 08:21:46', '420.00', 1),
(219, 22, 'GoPay', '2023-05-18 08:21:46', '420.00', 13);

-- --------------------------------------------------------

--
-- Table structure for table `users`
--

DROP TABLE IF EXISTS `users`;
CREATE TABLE IF NOT EXISTS `users` (
  `id` int UNSIGNED NOT NULL AUTO_INCREMENT,
  `name` varchar(255) NOT NULL,
  `email` varchar(255) NOT NULL,
  `phone` varchar(20) NOT NULL,
  `address` varchar(255) NOT NULL,
  `password` varchar(255) NOT NULL,
  PRIMARY KEY (`id`)
) ENGINE=MyISAM AUTO_INCREMENT=23 DEFAULT CHARSET=utf8mb4 COLLATE=utf8mb4_0900_ai_ci;

--
-- Dumping data for table `users`
--

INSERT INTO `users` (`id`, `name`, `email`, `phone`, `address`, `password`) VALUES
(11, 'John Doe', 'johndoe@gmail.com', '1234567890', '123 Main St, Anytown USA', 'password123'),
(12, 'Jane Doe', 'janedoe@gmail.com', '0987654321', '456 Elm St, Anytown USA', 'password456'),
(13, 'Bob Smith', 'bobsmith@gmail.com', '5551234', '789 Oak St, Anytown USA', 'password789'),
(14, 'Alice Brown', 'alicebrown@gmail.com', '5555678', '246 Maple St, Anytown USA', 'passwordabc'),
(15, 'Charlie Green', 'charliegreen@gmail.com', '5559012', '135 Pine St, Anytown USA', 'passworddef'),
(16, 'Eva White', 'evawhite@gmail.com', '5553456', '789 Cedar St, Anytown USA', 'passwordhij'),
(17, 'David Lee', 'davidlee@gmail.com', '5557890', '246 Birch St, Anytown USA', 'passwordklm'),
(18, 'Grace Kim', 'gracekim@gmail.com', '5552345', '135 Walnut St, Anytown USA', 'passwordnop'),
(19, 'Mark Davis', 'markdavis@gmail.com', '5556789', '789 Cherry St, Anytown USA', 'passwordqrs'),
(20, 'Olivia Scott', 'oliviascott@gmail.com', '5550123', '246 Apple St, Anytown USA', 'passwordtuv'),
(21, 'Septio', 'septiotriwahyudi@gmail.com', '081220252481', '7 Kartini St, Makassar Indonesia ', '111'),
(22, 'Yechiel', 'yechiel@gmail.com', '123', 'Calvin St.', '123');
COMMIT;

/*!40101 SET CHARACTER_SET_CLIENT=@OLD_CHARACTER_SET_CLIENT */;
/*!40101 SET CHARACTER_SET_RESULTS=@OLD_CHARACTER_SET_RESULTS */;
/*!40101 SET COLLATION_CONNECTION=@OLD_COLLATION_CONNECTION */;
